Id,Position,First Name,Nickname,Last Name,FPPG,Played,Salary,Game,Team,Opponent,Injury Indicator,Injury Details,Tier,,
40934-72846,WR,A.J.,A.J. Brown,Brown,8.854545593,11,5300,TEN@IND,TEN,IND,,,,,
40934-14187,WR,A.J.,A.J. Green,Green,14.04444461,9,6600,NYJ@CIN,CIN,NYJ,Q,Ankle,,,
40934-55050,RB,Christian,Christian McCaffrey,McCaffrey,27.53636308,11,11000,WAS@CAR,CAR,WAS,,,,,
40934-63115,QB,Lamar,Lamar Jackson,Jackson,28.33454479,11,8700,SF@BAL,BAL,SF,,,,,
40934-24671,WR,Adam,Adam Humphries,Humphries,5.472727342,11,5300,TEN@IND,TEN,IND,,,,,
40934-79967,TE,Adam,Adam Shaheen,Shaheen,1.699999946,7,4000,CHI@DET,CHI,DET,Q,Foot,,,
40934-39716,WR,Adam,Adam Thielen,Thielen,11.83749962,8,7000,MIN@SEA,MIN,SEA,Q,Hamstring,,,
40934-54140,RB,Dalvin,Dalvin Cook,Cook,21.24545427,11,8400,MIN@SEA,MIN,SEA,,,,,
40934-22015,QB,Russell,Russell Wilson,Wilson,23.05272744,11,7900,MIN@SEA,SEA,MIN,,,,,
40934-55976,WR,Ajene,Ajene Harris,Harris,0,0,4500,PHI@MIA,PHI,MIA,,,,,
40934-48344,WR,Albert,Albert Wilson,Wilson,3.525000095,8,4700,PHI@MIA,MIA,PHI,Q,Ribs,,,
40934-40442,RB,Aaron,Aaron Jones,Jones,17.96363692,11,8000,GB@NYG,GB,NYG,,,,,
40934-39280,RB,Derrick,Derrick Henry,Henry,17.49090854,11,8600,TEN@IND,TEN,IND,,,,,
40934-28907,WR,Alex,Alex Erickson,Erickson,4.854545593,11,4700,NYJ@CIN,CIN,NYJ,,,,,
40934-31716,QB,Dak,Dak Prescott,Prescott,22.63818221,11,8200,BUF@DAL,DAL,BUF,,,,,
40934-80001,RB,Austin,Austin Ekeler,Ekeler,16.87272783,11,6700,LAC@DEN,LAC,DEN,,,,,
40934-53562,RB,Nick,Nick Chubb,Chubb,16.82727328,11,8200,CLE@PIT,CLE,PIT,,,,,
40934-52922,RB,Leonard,Leonard Fournette,Fournette,16.19999972,11,7600,TB@JAC,JAC,TB,,,,,
40934-25760,WR,Allen,Allen Hurns,Hurns,4.7,10,5100,PHI@MIA,MIA,PHI,,,,,
40934-56809,WR,Allen,Allen Lazard,Lazard,6.71666654,6,5400,GB@NYG,GB,NYG,,,,,
40934-28643,WR,Allen,Allen Robinson II,Robinson II,11.99090854,11,7700,CHI@DET,CHI,DET,,,,,
40934-21980,WR,Alshon,Alshon Jeffery,Jeffery,10.92857143,7,6500,PHI@MIA,PHI,MIA,Q,Ankle,,,
40934-38791,RB,Ezekiel,Ezekiel Elliott,Elliott,16.17272672,11,8400,BUF@DAL,DAL,BUF,,,,,
40934-28055,WR,Amara,Amara Darboh,Darboh,0,0,4500,CLE@PIT,PIT,CLE,,,,,
40934-31001,WR,Amari,Amari Cooper,Cooper,14.41818237,11,7900,BUF@DAL,DAL,BUF,,,,,
40934-14211,RB,Mark,Mark Ingram II,Ingram II,15.79090881,11,7500,SF@BAL,BAL,SF,,,,,
40934-41221,WR,Andre,Andre Patton,Patton,1.066666683,3,4500,LAC@DEN,LAC,DEN,,,,,
40934-11504,WR,Andre,Andre Roberts,Roberts,0.333333333,9,4500,BUF@DAL,BUF,DAL,,,,,
40934-54426,TE,Andrew,Andrew Beck,Beck,0.949999988,4,4200,LAC@DEN,DEN,LAC,,,,,
40934-54879,QB,Deshaun,Deshaun Watson,Watson,22.2781816,11,7700,NE@HOU,HOU,NE,,,,,
40934-63419,WR,Andy,Andy Isabella,Isabella,3.637500048,8,4900,LAR@ARI,ARI,LAR,,,,,
40934-42104,RB,Alvin,Alvin Kamara,Kamara,15.2466668,9,8300,NO@ATL,NO,ATL,,,,,
40934-80294,TE,Anthony,Anthony Firkser,Firkser,4.620000076,5,5000,TEN@IND,TEN,IND,,,,,
40934-41936,WR,Anthony,Anthony Miller,Miller,4.299999931,11,5300,CHI@DET,CHI,DET,,,,,
40934-72731,RB,Josh,Josh Jacobs,Jacobs,14.48181846,11,7700,OAK@KC,OAK,KC,,,,,
40934-72133,WR,Antoine,Antoine Wesley,Wesley,0,0,4500,SF@BAL,BAL,SF,,,,,
40934-80011,TE,Antony,Antony Auclair,Auclair,0.800000012,2,4000,TB@JAC,TB,JAC,IR,Toe,,Ben Watson,2.8
40934-12546,D,Arizona,Arizona Cardinals,Cardinals,4.090909091,11,3500,LAR@ARI,ARI,LAR,,,,,
40934-54885,WR,Artavis,Artavis Scott,Scott,0,0,4500,LAC@DEN,LAC,DEN,,,,,
40934-104012,WR,Ashton,Ashton Dulin,Dulin,0,0,4500,TEN@IND,IND,TEN,,,,,
40934-12525,D,Atlanta,Atlanta Falcons,Falcons,4.545454545,11,3200,NO@ATL,ATL,NO,,,,,
40934-64339,WR,Auden,Auden Tate,Tate,7.080000305,10,5200,NYJ@CIN,CIN,NYJ,,,,,
40934-28463,WR,Austin,Austin Carr,Carr,0.699999988,2,4500,NO@ATL,NO,ATL,IR,Ankle,,Bo Scarbrough,8.3
40934-40687,RB,James,James Conner,Conner,14.02499962,8,7100,CLE@PIT,PIT,CLE,Q,Shoulder - ac joint,,,
40934-40126,TE,Austin,Austin Hooper,Hooper,14.08888923,9,6600,NO@ATL,ATL,NO,Q,Knee - mcl,,,
40934-57439,QB,Patrick,Patrick Mahomes,Mahomes,21.82444424,9,8600,OAK@KC,KC,OAK,,,,,
40934-12555,D,Baltimore,Baltimore Ravens,Ravens,10.18181818,11,4000,SF@BAL,BAL,SF,,,,,
40934-70489,TE,Ben,Ben Braunecker,Braunecker,3.724999905,4,4600,CHI@DET,CHI,DET,Q,Concussion,,,
40934-33531,TE,Ben,Ben Koyack,Koyack,0.466666659,3,4000,TB@JAC,JAC,TB,,,,,
40934-7870,TE,Ben,Ben Watson,Watson,3.579999924,5,5200,NE@HOU,NE,HOU,,,,,
40934-28157,WR,Bennie,Bennie Fowler III,Fowler III,4.349999905,8,4700,GB@NYG,NYG,GB,,,,,
40934-64119,RB,Chris,Chris Carson,Carson,13.94545399,11,7200,MIN@SEA,SEA,MIN,,,,,
40934-64401,RB,Saquon,Saquon Barkley,Barkley,13.4375,8,7600,GB@NYG,NYG,GB,,,,,
40934-6654,QB,Matthew,Matthew Stafford,Stafford,21.44499969,8,7500,CHI@DET,DET,CHI,D,Back,,,
40934-27403,TE,Blake,Blake Bell,Bell,0.357142857,7,4000,OAK@KC,KC,OAK,Q,Ankle,,,
40934-30253,QB,Jeff,Jeff Driskel,Driskel,20.53333282,3,7000,CHI@DET,DET,CHI,Q,Hamstring,,,
40934-27527,TE,Blake,Blake Jarwin,Jarwin,5.320000076,10,4800,BUF@DAL,DAL,BUF,,,,,
40934-62497,RB,David,David Johnson,Johnson,13.25,8,5700,LAR@ARI,ARI,LAR,,,,,
40934-28181,RB,Le'Veon,Le'Veon Bell,Bell,12.90909091,11,7300,NYJ@CIN,NYJ,CIN,,,,,
40934-29501,WR,Brandin,Brandin Cooks,Cooks,7.677777608,9,6700,LAR@ARI,LAR,ARI,,,,,
40934-62239,QB,Josh,Josh Allen,Allen,20.46363692,11,7800,BUF@DAL,BUF,DAL,,,,,
40934-57909,RB,Marlon,Marlon Mack,Mack,12.58000031,10,7300,TEN@IND,IND,TEN,O,Hand,,Chandler Cox,0
40934-103900,TE,Brandon,Brandon Dillon,Dillon,0,0,4000,MIN@SEA,MIN,SEA,,,,,
40934-52345,WR,Brandon,Brandon Powell,Powell,3.133333206,6,4500,NO@ATL,ATL,NO,,,,,
40934-82731,WR,Brandon,Brandon Zylstra,Zylstra,0,1,4500,WAS@CAR,CAR,WAS,,,,,
40934-52495,WR,Braxton,Braxton Berrios,Berrios,0.989999962,10,4500,NYJ@CIN,NYJ,CIN,,,,,
40934-34295,WR,Breshad,Breshad Perriman,Perriman,2.966666751,9,4900,TB@JAC,TB,JAC,,,,,
40934-63484,QB,Kyler,Kyler Murray,Murray,20.44727256,11,7700,LAR@ARI,ARI,LAR,,,,,
40934-24849,QB,Jameis,Jameis Winston,Winston,20.14909085,11,7600,TB@JAC,TB,JAC,,,,,
40934-27776,RB,Tevin,Tevin Coleman,Coleman,12.52222188,9,6100,SF@BAL,SF,BAL,,,,,
40934-6616,QB,Matt,Matt Ryan,Ryan,18.98600006,10,7700,NO@ATL,ATL,NO,,,,,
40934-28900,RB,Melvin,Melvin Gordon III,Gordon III,12.15714264,7,7000,LAC@DEN,LAC,DEN,,,,,
40934-41426,RB,Phillip,Phillip Lindsay,Lindsay,12.06363609,11,6300,LAC@DEN,DEN,LAC,,,,,
40934-12526,D,Buffalo,Buffalo Bills,Bills,8.636363636,11,4000,BUF@DAL,BUF,DAL,,,,,
40934-69295,WR,Byron,Byron Pringle,Pringle,5.420000076,5,4600,OAK@KC,KC,OAK,,,,,
40934-6894,QB,Aaron,Aaron Rodgers,Rodgers,18.09818198,11,8100,GB@NYG,GB,NYG,,,,,
40934-80281,WR,C.J.,C.J. Board,Board,2.799999952,1,4500,TB@JAC,JAC,TB,,,,,
40934-30447,RB,Todd,Todd Gurley II,Gurley II,12.05999985,10,7400,LAR@ARI,LAR,ARI,,,,,
40934-42142,RB,Jordan,Jordan Howard,Howard,11.82222239,9,6500,PHI@MIA,PHI,MIA,Q,Shoulder,,,
40934-31207,TE,C.J.,C.J. Uzomah,Uzomah,2.150000095,8,4300,NYJ@CIN,CIN,NYJ,,,,,
40934-71767,TE,Caleb,Caleb Wilson,Wilson,0,0,4000,LAR@ARI,ARI,LAR,,,,,
40934-64555,WR,Calvin,Calvin Ridley,Ridley,12.39090937,11,6500,NO@ATL,ATL,NO,,,,,
40934-22038,QB,Kirk,Kirk Cousins,Cousins,18.02181868,11,7700,MIN@SEA,MIN,SEA,,,,,
40934-54472,WR,Cam,Cam Sims,Sims,0,0,4500,WAS@CAR,WAS,CAR,,,,,
40934-54782,TE,Cameron,Cameron Brate,Brate,5.211111281,9,5000,TB@JAC,TB,JAC,,,,,
40934-31184,RB,Jonathan,Jonathan Williams,Williams,11.63333384,3,6800,TEN@IND,IND,TEN,,,,,
40934-12553,D,Carolina,Carolina Panthers,Panthers,8.545454545,11,4700,WAS@CAR,CAR,WAS,,,,,
40934-6504,QB,Drew,Drew Brees,Brees,17.3799998,6,8500,NO@ATL,NO,ATL,,,,,
40934-21948,QB,Ryan,Ryan Tannehill,Tannehill,17.29999978,7,7300,TEN@IND,TEN,IND,,,,,
40934-69581,WR,Cedrick,Cedrick Wilson,Wilson,2.366666635,3,4600,BUF@DAL,DAL,BUF,,,,,
40934-38722,TE,Cethan,Cethan Carter,Carter,0,0,4000,NYJ@CIN,CIN,NYJ,Q,Concussion,,,
40934-43912,WR,Chad,Chad Beebe,Beebe,2.666666667,3,4500,MIN@SEA,MIN,SEA,IR,Ankle,,D.K. Metcalf,8.5
40934-6498,QB,Tom,Tom Brady,Brady,17.14363653,11,7700,NE@HOU,NE,HOU,,,,,
40934-79972,WR,Chad,Chad Williams,Williams,3.25,10,4500,TEN@IND,IND,TEN,,,,,
40934-70603,RB,Devin,Devin Singletary,Singletary,10.97500038,8,6600,BUF@DAL,BUF,DAL,,,,,
40934-14362,TE,Charles,Charles Clay,Clay,2.127272693,11,4500,LAR@ARI,ARI,LAR,,,,,
40934-52795,TE,Charles,Charles Jones,Jones,0,0,4000,TB@JAC,JAC,TB,,,,,
40934-56925,TE,Charles,Charles Scarff,Scarff,0,0,4000,SF@BAL,BAL,SF,,,,,
40934-63589,QB,Sam,Sam Darnold,Darnold,17.04999924,8,7600,NYJ@CIN,NYJ,CIN,,,,,
40934-24920,RB,Devonta,Devonta Freeman,Freeman,10.92222256,9,6200,NO@ATL,ATL,NO,,,,,
40934-14225,QB,Andy,Andy Dalton,Dalton,16.95999908,8,6000,NYJ@CIN,CIN,NYJ,,,,,
40934-70372,WR,Chester,Chester Rogers,Rogers,3.770000076,10,5200,TEN@IND,IND,TEN,,,,,
40934-12527,D,Chicago,Chicago Bears,Bears,7.909090909,11,5000,CHI@DET,CHI,DET,,,,,
40934-63806,RB,Kerryon,Kerryon Johnson,Johnson,10.65000025,6,4500,CHI@DET,DET,CHI,IR,Knee,,Dan Vitale,0
40934-30403,WR,Chris,Chris Conley,Conley,7.936363914,11,6000,TB@JAC,JAC,TB,,,,,
40934-55635,WR,Chris,Chris Godwin,Godwin,18.08181763,11,8200,TB@JAC,TB,JAC,,,,,
40934-55336,TE,Chris,Chris Herndon,Herndon,1.200000048,1,4500,NYJ@CIN,NYJ,CIN,IR,Ribs,,Daniel Jones,11.2
40934-14704,WR,Chris,Chris Hogan,Hogan,0.975000024,4,4500,WAS@CAR,CAR,WAS,IR,Knee,,Danny Amendola,4.7
40934-55750,WR,Chris,Chris Lacy,Lacy,0,1,4500,CHI@DET,DET,CHI,,,,,
40934-18009,TE,Chris,Chris Manhertz,Manhertz,4.066666603,3,4000,WAS@CAR,CAR,WAS,,,,,
40934-33047,WR,Chris,Chris Moore,Moore,0.899999976,4,4600,SF@BAL,BAL,SF,,,,,
40934-56947,TE,Chris,Chris Myarick,Myarick,0,0,4000,PHI@MIA,MIA,PHI,,,,,
40934-45631,RB,Jamaal,Jamaal Williams,Williams,10.56999969,10,5600,GB@NYG,GB,NYG,,,,,
40934-56580,WR,Christian,Christian Blake,Blake,1.966666698,3,4500,NO@ATL,ATL,NO,,,,,
40934-60858,WR,Christian,Christian Kirk,Kirk,12.30000019,8,6100,LAR@ARI,ARI,LAR,,,,,
40934-45229,RB,Kareem,Kareem Hunt,Hunt,10.43333308,3,5900,CLE@PIT,CLE,PIT,,,,,
40934-83202,TE,Christian,Christian Scotland-Williamson,Scotland-Williamson,0,0,4000,CLE@PIT,PIT,CLE,,,,,
40934-34331,RB,Latavius,Latavius Murray,Murray,10.19999972,11,6200,NO@ATL,NO,ATL,,,,,
40934-52442,RB,Joe,Joe Mixon,Mixon,10.1181821,11,6500,NYJ@CIN,CIN,NYJ,,,,,
40934-12528,D,Cincinnati,Cincinnati Bengals,Bengals,3.272727273,11,3500,NYJ@CIN,CIN,NYJ,,,,,
40934-54604,QB,Jimmy,Jimmy Garoppolo,Garoppolo,16.84909058,11,8000,SF@BAL,SF,BAL,,,,,
40934-12529,D,Cleveland,Cleveland Browns,Browns,6.818181818,11,4600,CLE@PIT,CLE,PIT,,,,,
40934-31524,WR,Cody,Cody Core,Core,4.300000191,1,4500,GB@NYG,NYG,GB,,,,,
40934-53913,WR,Cody,Cody Hollister,Hollister,0,0,4500,TEN@IND,TEN,IND,,,,,
40934-61798,QB,Gardner,Gardner Minshew II,Minshew II,16.76666599,9,6000,TB@JAC,JAC,TB,,,,,
40934-27771,WR,Cody,Cody Latimer,Latimer,3.5,9,4600,GB@NYG,NYG,GB,,,,,
40934-55414,WR,Cody,Cody Thompson,Thompson,0,0,4500,NYJ@CIN,CIN,NYJ,,,,,
40934-22288,WR,Cole,Cole Beasley,Beasley,9.363636364,11,5800,BUF@DAL,BUF,DAL,,,,,
40934-62127,TE,Cole,Cole Hikutini,Hikutini,0,0,4000,BUF@DAL,DAL,BUF,,,,,
40934-63519,QB,Daniel,Daniel Jones,Jones,16.48600006,10,7400,GB@NYG,NYG,GB,,,,,
40934-79970,WR,Cooper,Cooper Kupp,Kupp,13.80909035,11,7800,LAR@ARI,LAR,ARI,,,,,
40934-27986,QB,C.J.,C.J. Beathard,Beathard,16.39600067,5,6000,SF@BAL,SF,BAL,,,,,
40934-30733,WR,Cordarrelle,Cordarrelle Patterson,Patterson,2.170000076,10,4600,CHI@DET,CHI,DET,,,,,
40934-28473,RB,Carlos,Carlos Hyde,Hyde,9.890909368,11,6000,NE@HOU,HOU,NE,,,,,
40934-45439,WR,Corey,Corey Davis,Davis,6.730000305,10,5200,TEN@IND,TEN,IND,,,,,
40934-57403,WR,Courtland,Courtland Sutton,Sutton,12.31090892,11,6600,LAC@DEN,DEN,LAC,Q,Ankle,,,
40934-63591,RB,Ronald,Ronald Jones II,Jones II,9.790908813,11,6200,TB@JAC,TB,JAC,,,,,
40934-30989,RB,Kenyan,Kenyan Drake,Drake,9.788888719,9,6400,LAR@ARI,ARI,LAR,,,,,
40934-52613,WR,Curtis,Curtis Samuel,Samuel,9.609090632,11,5800,WAS@CAR,CAR,WAS,,,,,
40934-73273,RB,David,David Montgomery,Montgomery,9.681818182,11,5900,CHI@DET,CHI,DET,,,,,
40934-41741,WR,DaeSean,DaeSean Hamilton,Hamilton,2.300000054,7,4700,LAC@DEN,DEN,LAC,,,,,
40934-70324,QB,Carson,Carson Wentz,Wentz,16.36363636,11,7300,PHI@MIA,PHI,MIA,Q,Hand,,,
40934-12530,D,Dallas,Dallas Cowboys,Cowboys,7,11,4200,BUF@DAL,DAL,BUF,,,,,
40934-83074,TE,Dallas,Dallas Goedert,Goedert,6.440000153,10,5200,PHI@MIA,PHI,MIA,,,,,
40934-55042,TE,Dalton,Dalton Schultz,Schultz,0.550000012,2,4000,BUF@DAL,DAL,BUF,,,,,
40934-56064,RB,Bo,Bo Scarbrough,Scarbrough,9.649999619,2,6100,CHI@DET,DET,CHI,,,,,
40934-53640,RB,Sony,Sony Michel,Michel,9.627272866,11,6600,NE@HOU,NE,HOU,,,,,
40934-44103,RB,Elijah,Elijah McGuire,McGuire,9.550000191,8,4500,OAK@KC,KC,OAK,,,,,
40934-83081,RB,Chase,Chase Edmonds,Edmonds,9.5,8,5000,LAR@ARI,ARI,LAR,Q,Hamstring,,,
40934-30678,WR,Damiere,Damiere Byrd,Byrd,4.383333206,6,4600,LAR@ARI,ARI,LAR,,,,,
40934-60861,WR,Damion,Damion Ratley,Ratley,2.860000038,5,4500,CLE@PIT,CLE,PIT,,,,,
40934-92168,WR,Damion,Damion Willis,Willis,2.116666635,6,4500,NYJ@CIN,CIN,NYJ,,,,,
40934-80546,TE,Dan,Dan Arnold,Arnold,1.75,2,4000,NO@ATL,NO,ATL,,,,,
40934-62718,TE,Daniel,Daniel Brown,Brown,8.5,1,4300,NYJ@CIN,NYJ,CIN,,,,,
40934-52463,TE,Daniel,Daniel Helm,Helm,0,0,4000,SF@BAL,SF,BAL,,,,,
40934-30231,QB,Jacoby,Jacoby Brissett,Brissett,15.92400055,10,7200,TEN@IND,IND,TEN,,,,,
40934-8117,WR,Danny,Danny Amendola,Amendola,7.430000305,10,5400,CHI@DET,DET,CHI,,,,,
40934-7968,QB,Philip,Philip Rivers,Rivers,15.74181851,11,7300,LAC@DEN,LAC,DEN,,,,,
40934-53303,RB,Matt,Matt Breida,Breida,9.466666328,9,5900,SF@BAL,SF,BAL,Q,Ankle,,,
40934-56698,WR,Dante,Dante Pettis,Pettis,3.226666768,9,4700,SF@BAL,SF,BAL,,,,,
40934-71845,RB,Miles,Miles Sanders,Sanders,9.354545593,11,5800,PHI@MIA,PHI,MIA,,,,,
40934-25513,WR,Darius,Darius Jennings,Jennings,0.450000008,6,4500,TEN@IND,TEN,IND,,,,,
40934-63819,WR,Darius,Darius Slayton,Slayton,10.17777761,9,6300,GB@NYG,NYG,GB,,,,,
40934-28930,RB,James,James White,White,9.280000305,10,6000,NE@HOU,NE,HOU,,,,,
40934-41469,TE,Darrell,Darrell Daniels,Daniels,0.449999988,2,4000,LAR@ARI,ARI,LAR,,,,,
40934-27441,RB,Damien,Damien Williams,Williams,8.888888889,9,6000,OAK@KC,KC,OAK,Q,Ribs,,,
40934-38301,TE,Darren,Darren Fells,Fells,7.063636086,11,4700,NE@HOU,HOU,NE,,,,,
40934-25011,TE,Darren,Darren Waller,Waller,10.79090881,11,6100,OAK@KC,OAK,KC,,,,,
40934-104124,WR,Darrius,Darrius Shepherd,Shepherd,-0.466666659,3,4500,GB@NYG,GB,NYG,,,,,
40934-6779,RB,LeSean,LeSean McCoy,McCoy,8.769999695,10,5800,OAK@KC,KC,OAK,Q,Undisclosed,,,
40934-45889,WR,Davante,Davante Adams,Adams,12.71428571,7,8000,GB@NYG,GB,NYG,,,,,
40934-41535,QB,Baker,Baker Mayfield,Mayfield,15.63999939,11,7600,CLE@PIT,CLE,PIT,,,,,
40934-45859,QB,Derek,Derek Carr,Carr,14.83090904,11,7200,OAK@KC,OAK,KC,,,,,
40934-55970,RB,Royce,Royce Freeman,Freeman,8.172727411,11,5300,LAC@DEN,DEN,LAC,,,,,
40934-24891,RB,Chris,Chris Thompson,Thompson,8.166666667,6,5200,WAS@CAR,WAS,CAR,Q,Toe,,,
40934-55366,RB,Qadree,Qadree Ollison,Ollison,8.149999619,2,5800,NO@ATL,ATL,NO,,,,,
40934-79987,WR,David,David Moore,Moore,3.233333376,9,4700,MIN@SEA,SEA,MIN,,,,,
40934-55335,TE,David,David Njoku,Njoku,5.849999905,2,4900,CLE@PIT,CLE,PIT,IR,Wrist,,Greg Zuerlein,10
40934-61555,WR,David,David Sills V,Sills V,0,0,4500,GB@NYG,NYG,GB,,,,,
40934-103901,WR,Davion,Davion Davis,Davis,0,0,4500,MIN@SEA,MIN,SEA,,,,,
40934-29358,QB,Marcus,Marcus Mariota,Mariota,14.34333293,6,6000,TEN@IND,TEN,IND,,,,,
40934-64585,TE,Dawson,Dawson Knox,Knox,4.809091048,11,4500,BUF@DAL,BUF,DAL,,,,,
40934-62628,WR,DeAndre,DeAndre Carter,Carter,0.436363654,11,4500,NE@HOU,HOU,NE,,,,,
40934-16606,WR,DeAndre,DeAndre Hopkins,Hopkins,14.72727273,11,8300,NE@HOU,HOU,NE,,,,,
40934-25837,RB,Duke,Duke Johnson,Johnson,8.127272866,11,5400,NE@HOU,HOU,NE,,,,,
40934-31015,WR,DeAndrew,DeAndrew White,White,0.324999988,4,4500,WAS@CAR,CAR,WAS,,,,,
40934-29351,WR,De'Anthony,De'Anthony Thomas,Thomas,0.166666667,9,4500,SF@BAL,BAL,SF,,,,,
40934-60910,WR,Dede,Dede Westbrook,Westbrook,7.840000153,10,5700,TB@JAC,JAC,TB,,,,,
40934-56018,WR,Deebo,Deebo Samuel,Samuel,9.4,10,5600,SF@BAL,SF,BAL,,,,,
40934-55323,RB,Jaylen,Jaylen Samuels,Samuels,7.775000095,8,5500,CLE@PIT,PIT,CLE,,,,,
40934-6863,TE,Delanie,Delanie Walker,Walker,7.333333333,6,5400,TEN@IND,TEN,IND,Q,Ankle,,,
40934-38264,WR,Demarcus,Demarcus Robinson,Robinson,6.309091048,11,4600,OAK@KC,KC,OAK,,,,,
40934-11432,WR,Demaryius,Demaryius Thomas,Thomas,5.966666751,9,5200,NYJ@CIN,NYJ,CIN,,,,,
40934-19342,TE,Demetrius,Demetrius Harris,Harris,3.466666751,9,4500,CLE@PIT,CLE,PIT,,,,,
40934-12531,D,Denver,Denver Broncos,Broncos,5.909090909,11,4400,LAC@DEN,DEN,LAC,,,,,
40934-62042,WR,Deon,Deon Cain,Cain,1.599999973,7,4800,CLE@PIT,PIT,CLE,,,,,
40934-47788,TE,Deon,Deon Yelder,Yelder,2.166666667,3,4000,OAK@KC,KC,OAK,,,,,
40934-104176,WR,Deonte,Deonte Harris,Harris,0.833333333,9,4500,NO@ATL,NO,ATL,Q,Hamstring,,,
40934-38435,QB,Jared,Jared Goff,Goff,14.1454551,11,7900,LAR@ARI,LAR,ARI,,,,,
40934-22920,TE,Derek,Derek Carrier,Carrier,3.474999905,4,4000,OAK@KC,OAK,KC,,,,,
40934-79974,RB,Tarik,Tarik Cohen,Cohen,7.736363498,11,6400,CHI@DET,CHI,DET,,,,,
40934-60735,RB,Derrius,Derrius Guice,Guice,7.666666667,3,5400,WAS@CAR,WAS,CAR,,,,,
40934-6703,RB,Adrian,Adrian Peterson,Peterson,7.359999847,10,5800,WAS@CAR,WAS,CAR,,,,,
40934-40298,WR,Derrick,Derrick Willies,Willies,7.599999905,1,4500,CLE@PIT,CLE,PIT,,,,,
40934-6840,RB,Frank,Frank Gore,Gore,7.054545316,11,5400,BUF@DAL,BUF,DAL,,,,,
40934-6739,WR,DeSean,DeSean Jackson,Jackson,16.20000076,2,4500,PHI@MIA,PHI,MIA,IR,Abdomen,,Jamize Olawale,0
40934-53095,QB,Kyle,Kyle Allen,Allen,13.68444485,9,7200,WAS@CAR,CAR,WAS,,,,,
40934-22027,QB,Nick,Nick Foles,Foles,13.57333374,3,7500,TB@JAC,JAC,TB,,,,,
40934-12532,D,Detroit,Detroit Lions,Lions,5.818181818,11,4400,CHI@DET,DET,CHI,,,,,
40934-33260,WR,DeVante,DeVante Parker,Parker,10.59090909,11,6000,PHI@MIA,MIA,PHI,,,,,
40934-28744,RB,Raheem,Raheem Mostert,Mostert,7.040000153,10,4800,SF@BAL,SF,BAL,,,,,
40934-28502,WR,Devin,Devin Smith,Smith,6.599999746,3,4500,BUF@DAL,DAL,BUF,,,,,
40934-29645,RB,Javorius,Javorius Allen,Allen,6.918181679,11,4500,GB@NYG,NYG,GB,,,,,
40934-6826,QB,Eli,Eli Manning,Manning,13.52000046,2,6000,GB@NYG,NYG,GB,,,,,
40934-54010,RB,Brian,Brian Hill,Hill,6.9,5,5500,NO@ATL,ATL,NO,,,,,
40934-40857,RB,Peyton,Peyton Barber,Barber,6.818181818,11,5400,TB@JAC,TB,JAC,,,,,
40934-52897,RB,Darrel,Darrel Williams,Williams,6.525000095,8,5400,OAK@KC,KC,OAK,,,,,
40934-69184,WR,Dillon,Dillon Mitchell,Mitchell,0,0,4500,MIN@SEA,MIN,SEA,,,,,
40934-57840,RB,Rashaad,Rashaad Penny,Penny,6.357142857,7,6100,MIN@SEA,SEA,MIN,,,,,
40934-66008,WR,Diontae,Diontae Johnson,Johnson,6.836363359,11,5300,CLE@PIT,PIT,CLE,,,,,
40934-54817,WR,Diontae,Diontae Spencer,Spencer,0.55,10,4600,LAC@DEN,DEN,LAC,,,,,
40934-52917,WR,DJ,DJ Chark Jr.,Chark Jr.,14.8545449,11,6900,TB@JAC,JAC,TB,,,,,
40934-63043,WR,DJ,DJ Moore,Moore,13.07272755,11,6800,WAS@CAR,CAR,WAS,,,,,
40934-73048,WR,DK,DK Metcalf,Metcalf,10.09999986,11,6300,MIN@SEA,SEA,MIN,,,,,
40934-31561,WR,Donte,Donte Moncrief,Moncrief,0.949999988,4,4500,WAS@CAR,CAR,WAS,,,,,
40934-55552,RB,Jeff,Jeff Wilson Jr.,Wilson Jr.,6.314285823,7,5000,SF@BAL,SF,BAL,,,,,
40934-7659,QB,Ryan,Ryan Fitzpatrick,Fitzpatrick,13.39400024,10,7100,PHI@MIA,MIA,PHI,,,,,
40934-33259,QB,Teddy,Teddy Bridgewater,Bridgewater,13.21428571,7,6000,NO@ATL,NO,ATL,,,,,
40934-56711,TE,Drew,Drew Sample,Sample,1.375,4,4000,NYJ@CIN,CIN,NYJ,O,Ankle,,John Brown,9.22
40934-38628,QB,Mitchell,Mitchell Trubisky,Trubisky,12.19199982,10,6800,CHI@DET,CHI,DET,,,,,
40934-27338,RB,Rex,Rex Burkhead,Burkhead,6.262499809,8,5400,NE@HOU,NE,HOU,,,,,
40934-54280,WR,Duke,Duke Williams,Williams,4.933333397,3,4500,BUF@DAL,BUF,DAL,,,,,
40934-42046,TE,Durham,Durham Smythe,Smythe,0.580000019,5,4000,PHI@MIA,MIA,PHI,,,,,
40934-14358,WR,Dwayne,Dwayne Harris,Harris,0.400000016,3,4500,OAK@KC,OAK,KC,IR,Foot,,Jonnu Smith,1
40934-53729,QB,Mason,Mason Rudolph,Rudolph,12.08222198,9,6200,CLE@PIT,PIT,CLE,,,,,
40934-31061,RB,T.J.,T.J. Yeldon,Yeldon,5.833333333,3,4600,BUF@DAL,BUF,DAL,,,,,
40934-31170,QB,Brandon,Brandon Allen,Allen,11.5,3,6600,LAC@DEN,DEN,LAC,,,,,
40934-6714,QB,Joe,Joe Flacco,Flacco,11.23499966,8,6000,LAC@DEN,DEN,LAC,IR,Neck,,,
40934-40167,RB,Gus,Gus Edwards,Edwards,5.581818321,11,5400,SF@BAL,BAL,SF,,,,,
40934-63759,RB,Tony,Tony Pollard,Pollard,5.470000076,10,5200,BUF@DAL,DAL,BUF,,,,,
40934-31406,RB,Alfred,Alfred Blue,Blue,5.456250191,16,4500,TB@JAC,JAC,TB,,,,,
40934-103992,WR,Emmanuel,Emmanuel Butler,Butler,0,0,4500,NO@ATL,NO,ATL,,,,,
40934-11505,WR,Emmanuel,Emmanuel Sanders,Sanders,8.924999873,12,6400,SF@BAL,SF,BAL,,,,,
40934-25272,TE,Eric,Eric Ebron,Ebron,6.454545455,11,5300,TEN@IND,IND,TEN,IR,Ankle,,Julian Edelman,18.9
40934-79980,TE,Eric,Eric Saubert,Saubert,1.460000038,5,4000,OAK@KC,OAK,KC,,,,,
40934-32957,TE,Eric,Eric Tomlinson,Tomlinson,0.600000024,1,4000,NE@HOU,NE,HOU,,,,,
40934-29390,TE,Evan,Evan Baylis,Baylis,0,0,4000,GB@NYG,GB,NYG,,,,,
40934-41872,TE,Evan,Evan Engram,Engram,10.92500019,8,6400,GB@NYG,NYG,GB,Q,Foot,,,
40934-63625,RB,Nyheim,Nyheim Hines,Hines,5.454545455,11,5500,TEN@IND,IND,TEN,,,,,
40934-60712,TE,Foster,Foster Moreau,Moreau,5.222222222,9,4700,OAK@KC,OAK,KC,,,,,
40934-43334,RB,J.D.,J.D. McKissic,McKissic,5.118181749,11,5200,CHI@DET,DET,CHI,,,,,
40934-31602,WR,Fred,Fred Brown,Brown,1.033333302,3,4500,LAC@DEN,DEN,LAC,,,,,
40934-6808,QB,Matt,Matt Moore,Moore,10.61499977,4,6000,OAK@KC,KC,OAK,,,,,
40934-22754,TE,Garrett,Garrett Celek,Celek,3.916666667,6,4000,SF@BAL,SF,BAL,,,,,
40934-55153,TE,Garrett,Garrett Dickerson,Dickerson,0,0,4000,GB@NYG,NYG,GB,,,,,
40934-22994,QB,Case,Case Keenum,Keenum,10.10249996,8,6000,WAS@CAR,WAS,CAR,,,,,
40934-63061,WR,Gary,Gary Jennings,Jennings,0,0,4500,PHI@MIA,MIA,PHI,IR,Shoulder,,Keelan Doss,1.6
40934-8803,QB,Chase,Chase Daniel,Daniel,9.333333333,3,6500,CHI@DET,CHI,DET,,,,,
40934-38523,TE,Geoff,Geoff Swaim,Swaim,2.166666667,6,4000,TB@JAC,JAC,TB,IR,Concussion,,Keith Smith,0.4
40934-39793,TE,George,George Kittle,Kittle,12.53333367,9,7000,SF@BAL,SF,BAL,,,,,
40934-57299,TE,Gerald,Gerald Everett,Everett,6.481818459,11,6300,LAR@ARI,LAR,ARI,Q,Knee,,,
40934-34125,WR,Geremy,Geremy Davis,Davis,2.650000095,2,4500,LAC@DEN,LAC,DEN,Q,Hamstring,,,
40934-52560,WR,Geronimo,Geronimo Allison,Allison,4.570000076,10,4900,GB@NYG,GB,NYG,,,,,
40934-55165,RB,Justin,Justin Jackson,Jackson,5.099999905,4,5000,LAC@DEN,LAC,DEN,Q,Calf,,,
40934-11485,WR,Golden,Golden Tate,Tate,12.37142835,7,6300,GB@NYG,NYG,GB,Q,Concussion,,,
40934-12533,D,Green Bay,Green Bay Packers,Packers,6.090909091,11,4800,GB@NYG,GB,NYG,,,,,
40934-69558,WR,Greg,Greg Dortch,Dortch,0,1,4500,WAS@CAR,CAR,WAS,,,,,
40934-6914,TE,Greg,Greg Olsen,Olsen,7.954545455,11,5100,WAS@CAR,CAR,WAS,,,,,
40934-40434,WR,Greg,Greg Ward,Ward,7,1,5300,PHI@MIA,PHI,MIA,,,,,
40934-104577,WR,Gunner,Gunner Olszewski,Olszewski,0.342857156,7,4600,NE@HOU,NE,HOU,IR,Ankle,,Kyle Juszczyk,0
40934-62791,RB,Mark,Mark Walton,Walton,4.928571429,7,4500,PHI@MIA,MIA,PHI,,,,,
40934-64175,WR,Hakeem,Hakeem Butler,Butler,0,0,4500,LAR@ARI,ARI,LAR,IR,Hand,,Kyler Murray,14.32
40934-64563,TE,Hale,Hale Hentges,Hentges,1.149999976,2,4000,WAS@CAR,WAS,CAR,,,,,
40934-64031,TE,Hayden,Hayden Hurst,Hurst,3.200000069,11,4500,SF@BAL,BAL,SF,,,,,
40934-12556,D,Houston,Houston Texans,Texans,5.727272727,11,3200,NE@HOU,HOU,NE,,,,,
40934-40845,TE,Hunter,Hunter Henry,Henry,12.59999956,7,6600,LAC@DEN,LAC,DEN,,,,,
40934-57986,WR,Hunter,Hunter Renfrow,Renfrow,6.327272589,11,5500,OAK@KC,OAK,KC,O,Ribs,,Latavius Murray,0.2
40934-55099,TE,Ian,Ian Bunting,Bunting,0,0,4000,TEN@IND,IND,TEN,,,,,
40934-72515,TE,Ian,Ian Thomas,Thomas,0.224999994,4,4000,WAS@CAR,CAR,WAS,,,,,
40934-12535,D,Indianapolis,Indianapolis Colts,Colts,6.636363636,11,4300,TEN@IND,IND,TEN,,,,,
40934-72725,TE,Irv,Irv Smith Jr.,Smith Jr.,5.066666497,9,5100,MIN@SEA,MIN,SEA,,,,,
40934-69326,TE,Isaac,Isaac Nauta,Nauta,0,0,4000,CHI@DET,DET,CHI,,,,,
40934-56356,WR,Isaiah,Isaiah Ford,Ford,0.633333325,3,4500,PHI@MIA,MIA,PHI,,,,,
40934-53639,WR,Isaiah,Isaiah McKenzie,McKenzie,4.262499809,8,4800,BUF@DAL,BUF,DAL,,,,,
40934-39818,RB,Wayne,Wayne Gallman Jr.,Gallman Jr.,4.744444529,9,4500,GB@NYG,NYG,GB,,,,,
40934-55941,RB,Patrick,Patrick Laird,Laird,4.566666603,3,4900,PHI@MIA,MIA,PHI,,,,,
40934-25957,TE,J.P.,J.P. Holtz,Holtz,1.099999984,3,4000,CHI@DET,CHI,DET,,,,,
40934-62998,TE,Jace,Jace Sternberger,Sternberger,0,0,4000,GB@NYG,GB,NYG,,,,,
40934-39859,TE,Jack,Jack Doyle,Doyle,6.340000153,10,5000,TEN@IND,IND,TEN,,,,,
40934-12554,D,Jacksonville,Jacksonville Jaguars,Jaguars,6.909090909,11,4400,TB@JAC,JAC,TB,,,,,
40934-54007,TE,Jacob,Jacob Hollister,Hollister,8.680000305,5,5500,MIN@SEA,SEA,MIN,Q,Foot,,,
40934-46866,QB,Ryan,Ryan Finley,Finley,8.886666616,3,6400,NYJ@CIN,CIN,NYJ,,,,,
40934-84440,TE,Jaeden,Jaeden Graham,Graham,3.325000048,4,4900,NO@ATL,ATL,NO,,,,,
40934-14185,QB,Cam,Cam Newton,Newton,8.840000153,2,6000,WAS@CAR,CAR,WAS,IR,Foot,,,
40934-38753,TE,Jake,Jake Butt,Butt,4.166666667,3,4000,LAC@DEN,DEN,LAC,IR,Knee,,Marquise Goodwin,0
40934-6679,QB,Matt,Matt Schaub,Schaub,8.5,4,6000,NO@ATL,ATL,NO,,,,,
40934-27671,WR,Jake,Jake Kumerow,Kumerow,3.412499905,8,4900,GB@NYG,GB,NYG,,,,,
40934-7872,QB,Brian,Brian Hoyer,Hoyer,8.426666896,3,6000,TEN@IND,IND,TEN,,,,,
40934-32703,WR,Jakeem,Jakeem Grant,Grant,4.044444614,9,5000,PHI@MIA,MIA,PHI,Q,Ankle,,,
40934-55689,RB,Ito,Ito Smith,Smith,4.399999891,7,4500,NO@ATL,ATL,NO,IR,Concussion,,Matt Moore,-0.1
40934-63634,WR,Jakobi,Jakobi Meyers,Meyers,4.349999905,8,5100,NE@HOU,NE,HOU,,,,,
40934-68800,WR,Jaleel,Jaleel Scott,Scott,0,0,4500,SF@BAL,BAL,SF,,,,,
40934-52391,WR,Jalen,Jalen Harvey,Harvey,0,0,4500,MIN@SEA,SEA,MIN,,,,,
40934-52405,WR,Jalen,Jalen Hurd,Hurd,0,0,4500,SF@BAL,SF,BAL,IR,Back,,Maxx Williams,0
40934-61379,RB,Kerrith,Kerrith Whyte Jr.,Whyte Jr.,4.300000191,1,5100,CLE@PIT,PIT,CLE,,,,,
40934-32331,RB,Tra,Tra Carson,Carson,4.300000191,2,4500,CHI@DET,DET,CHI,,,,,
40934-29587,QB,Cody,Cody Kessler,Kessler,8.131999969,5,6000,NE@HOU,NE,HOU,,,,,
40934-72776,RB,Alexander,Alexander Mattison,Mattison,4.245454615,11,4800,MIN@SEA,MIN,SEA,,,,,
40934-39428,RB,Kyle,Kyle Juszczyk,Juszczyk,4.2,5,4600,SF@BAL,SF,BAL,,,,,
40934-55748,WR,James,James Washington,Washington,6.969999695,10,6200,CLE@PIT,PIT,CLE,,,,,
40934-32234,RB,Malcolm,Malcolm Brown,Brown,4.155555725,9,4900,LAR@ARI,LAR,ARI,,,,,
40934-24755,WR,Jamison,Jamison Crowder,Crowder,9.445454684,11,6300,NYJ@CIN,NYJ,CIN,,,,,
40934-70889,RB,Benny,Benny Snell Jr.,Snell Jr.,4.083333333,6,6100,CLE@PIT,PIT,CLE,,,,,
40934-7761,TE,Jared,Jared Cook,Cook,8.433333503,9,6700,NO@ATL,NO,ATL,,,,,
40934-95893,QB,Devlin,Devlin Hodges,Hodges,7.54000028,3,6800,CLE@PIT,PIT,CLE,,,,,
40934-22054,WR,Jarius,Jarius Wright,Wright,2.472727342,11,4600,WAS@CAR,CAR,WAS,,,,,
40934-24589,WR,Jaron,Jaron Brown,Brown,7.5,5,4600,MIN@SEA,SEA,MIN,,,,,
40934-73183,QB,Dwayne,Dwayne Haskins Jr.,Haskins Jr.,7.031999969,5,6500,WAS@CAR,WAS,CAR,Q,Wrist,,,
40934-31394,WR,Jarvis,Jarvis Landry,Landry,13.16363664,11,7400,CLE@PIT,CLE,PIT,,,,,
40934-104297,WR,Jason,Jason Moore,Moore,1.76666673,3,4500,LAC@DEN,LAC,DEN,,,,,
40934-6641,TE,Jason,Jason Witten,Witten,6.236363498,11,5500,BUF@DAL,DAL,BUF,,,,,
40934-71359,WR,Javon,Javon Wims,Wims,2.514285769,7,4500,CHI@DET,CHI,DET,,,,,
40934-52371,RB,Kalen,Kalen Ballage,Ballage,4.072727203,11,5300,PHI@MIA,MIA,PHI,,,,,
40934-22898,RB,Brandon,Brandon Bolden,Bolden,3.940000153,10,4500,NE@HOU,NE,HOU,,,,,
40934-28827,RB,Dare,Dare Ogunbowale,Ogunbowale,3.900000139,11,4700,TB@JAC,TB,JAC,,,,,
40934-63387,WR,Jayson,Jayson Stanley,Stanley,0,0,4500,PHI@MIA,MIA,PHI,,,,,
40934-11500,QB,Colt,Colt McCoy,McCoy,5.28000021,1,6000,WAS@CAR,WAS,CAR,,,,,
40934-28487,TE,Jeff,Jeff Heuerman,Heuerman,2.950000048,4,4200,LAC@DEN,DEN,LAC,,,,,
40934-64350,WR,Jeff,Jeff Smith,Smith,0,0,4500,NYJ@CIN,NYJ,CIN,,,,,
40934-55224,RB,Reggie,Reggie Bonnafon,Bonnafon,3.859999847,5,4500,WAS@CAR,CAR,WAS,,,,,
40934-28065,WR,Jehu,Jehu Chesson,Chesson,0.200000003,4,4500,WAS@CAR,WAS,CAR,,,,,
40934-31169,TE,Jeremy,Jeremy Sprinkle,Sprinkle,2.772727273,11,4500,WAS@CAR,WAS,CAR,,,,,
40934-57556,TE,Jerome,Jerome Cunningham,Cunningham,0,1,4000,WAS@CAR,WAS,CAR,IR,Knee,,Nick Chubb,8.4
40934-104421,TE,Jesper,Jesper Horsted,Horsted,0.899999976,1,4000,CHI@DET,CHI,DET,,,,,
40934-28694,TE,Jesse,Jesse James,James,1.288888931,9,4000,CHI@DET,DET,CHI,,,,,
40934-14194,QB,Blaine,Blaine Gabbert,Gabbert,4.630000114,8,6000,TB@JAC,TB,JAC,IR,Shoulder,,,
40934-11512,TE,Jimmy,Jimmy Graham,Graham,5.79090916,11,5800,GB@NYG,GB,NYG,,,,,
40934-64907,WR,JJ,JJ Arcega-Whiteside,Arcega-Whiteside,2.775000095,4,4900,PHI@MIA,PHI,MIA,,,,,
40934-62364,QB,Josh,Josh Rosen,Rosen,4.595999908,5,6000,PHI@MIA,MIA,PHI,,,,,
40934-33472,RB,C.J.,C.J. Prosise,Prosise,3.840000153,5,4600,MIN@SEA,SEA,MIN,,,,,
40934-54606,WR,John,John Brown,Brown,13.18181818,11,6600,BUF@DAL,BUF,DAL,,,,,
40934-33578,RB,Jalen,Jalen Richard,Richard,3.772727273,11,5000,OAK@KC,OAK,KC,,,,,
40934-65518,WR,John,John Ursua,Ursua,0,0,4500,MIN@SEA,SEA,MIN,,,,,
40934-29605,QB,Matt,Matt Barkley,Barkley,4.079999924,1,6000,BUF@DAL,BUF,DAL,,,,,
40934-41922,WR,Johnny,Johnny Holton,Holton,0.514285701,7,4900,CLE@PIT,PIT,CLE,,,,,
40934-40371,TE,Johnny,Johnny Mundt,Mundt,0.699999988,2,4000,LAR@ARI,LAR,ARI,,,,,
40934-44280,WR,JoJo,JoJo Natson,Natson,0,11,4500,LAR@ARI,LAR,ARI,,,,,
40934-32613,RB,DeAndre,DeAndre Washington,Washington,3.718181957,11,5000,OAK@KC,OAK,KC,,,,,
40934-48116,TE,Jonnu,Jonnu Smith,Smith,4.709999847,10,5300,TEN@IND,TEN,IND,,,,,
40934-57338,TE,Jordan,Jordan Akins,Akins,4.809091048,11,4900,NE@HOU,HOU,NE,,,,,
40934-57325,TE,Jordan,Jordan Franks,Franks,1.566666603,3,4000,NYJ@CIN,CIN,NYJ,,,,,
40934-70157,RB,Darrell,Darrell Henderson Jr.,Henderson Jr.,3.6,5,5400,LAR@ARI,LAR,ARI,,,,,
40934-39814,TE,Jordan,Jordan Leggett,Leggett,1.876923048,13,4000,TB@JAC,TB,JAC,,,,,
40934-30837,WR,Jordan,Jordan Matthews,Matthews,2.650000095,2,4700,PHI@MIA,PHI,MIA,,,,,
40934-25290,RB,Giovani,Giovani Bernard,Bernard,3.5,11,4700,NYJ@CIN,CIN,NYJ,,,,,
40934-52808,RB,Dontrell,Dontrell Hilliard,Hilliard,3.466666751,9,4600,CLE@PIT,CLE,PIT,,,,,
40934-27273,RB,Andy,Andy Janovich,Janovich,3.200000048,4,4500,LAC@DEN,DEN,LAC,IR,Elbow,,Randall Cobb,6.8
40934-57537,QB,DeShone,DeShone Kizer,Kizer,2.460000038,3,6000,OAK@KC,OAK,KC,,,,,
40934-22336,WR,Josh,Josh Bellamy,Bellamy,1.5,2,4500,NYJ@CIN,NYJ,CIN,IR,Shoulder,,Rashaad Penny,24.7
40934-21941,QB,Robert,Robert Griffin III,Griffin III,2.390000105,4,6000,SF@BAL,BAL,SF,,,,,
40934-23194,WR,Josh,Josh Gordon,Gordon,6.25,8,4800,MIN@SEA,SEA,MIN,,,,,
40934-39492,TE,Josh,Josh Hill,Hill,3.666666667,9,4500,NO@ATL,NO,ATL,,,,,
40934-63050,RB,Ty,Ty Johnson,Johnson,3.179999924,10,4900,CHI@DET,DET,CHI,,,,,
40934-27801,QB,Nate,Nate Sudfeld,Sudfeld,2.339999914,2,6000,PHI@MIA,PHI,MIA,,,,,
40934-63907,TE,Josh,Josh Oliver,Oliver,1,3,4000,TB@JAC,JAC,TB,IR,Back,,Robbie Gould,5
40934-53097,WR,Josh,Josh Reynolds,Reynolds,3.072727203,11,5300,LAR@ARI,LAR,ARI,,,,,
40934-25410,QB,Mike,Mike Glennon,Glennon,2.119999886,2,6000,OAK@KC,OAK,KC,,,,,
40934-29956,TE,Joshua,Joshua Perkins,Perkins,3.066666603,3,4000,PHI@MIA,PHI,MIA,,,,,
40934-55987,WR,JuJu,JuJu Smith-Schuster,Smith-Schuster,8.740000153,10,6500,CLE@PIT,PIT,CLE,Q,Concussion,,,
40934-7859,WR,Julian,Julian Edelman,Edelman,13.58000044,11,7500,NE@HOU,NE,HOU,,,,,
40934-14190,WR,Julio,Julio Jones,Jones,13.69999972,11,7800,NO@ATL,ATL,NO,Q,Shoulder,,,
40934-26384,RB,Trey,Trey Edmunds,Edmunds,3.160000038,5,4800,CLE@PIT,PIT,CLE,,,,,
40934-33137,WR,Justin,Justin Hardy,Hardy,2.399999891,7,4600,NO@ATL,ATL,NO,,,,,
40934-14339,RB,Dion,Dion Lewis,Lewis,3.029999924,10,4700,TEN@IND,TEN,IND,,,,,
40934-83083,WR,Justin,Justin Watson,Watson,1.799999952,1,4500,TB@JAC,TB,JAC,,,,,
40934-61468,WR,Juwan,Juwan Foggie,Foggie,0,0,4500,BUF@DAL,BUF,DAL,,,,,
40934-56142,WR,Juwann,Juwann Winfree,Winfree,0,0,4500,LAC@DEN,DEN,LAC,,,,,
40934-71806,TE,Kaden,Kaden Smith,Smith,5.400000095,2,4000,GB@NYG,NYG,GB,,,,,
40934-64786,RB,Ryquell,Ryquell Armstead,Armstead,2.911111196,9,4500,TB@JAC,JAC,TB,,,,,
40934-70422,WR,Kalif,Kalif Raymond,Raymond,2.5,4,4700,TEN@IND,TEN,IND,,,,,
40934-12536,D,Kansas City,Kansas City Chiefs,Chiefs,7.636363636,11,4200,OAK@KC,KC,OAK,,,,,
40934-43433,RB,Boston,Boston Scott,Scott,2.879999924,5,5200,PHI@MIA,PHI,MIA,,,,,
40934-58041,RB,Mike,Mike Boone,Boone,2.799999952,1,4500,MIN@SEA,MIN,SEA,,,,,
40934-79998,WR,Keelan,Keelan Cole,Cole,5.242857252,7,5100,TB@JAC,JAC,TB,,,,,
40934-96942,WR,Keelan,Keelan Doss,Doss,3.633333206,3,4600,OAK@KC,OAK,KC,,,,,
40934-29253,WR,Keenan,Keenan Allen,Allen,12.79090881,11,6800,LAC@DEN,LAC,DEN,,,,,
40934-57208,WR,KeeSean,KeeSean Johnson,Johnson,3.55,10,4500,LAR@ARI,ARI,LAR,,,,,
40934-45997,WR,Keith,Keith Kirkwood,Kirkwood,5.628571647,7,4500,NO@ATL,NO,ATL,IR,Hamstring,,Seth Roberts,1
40934-41867,RB,Jordan,Jordan Wilkins,Wilkins,2.650000095,8,4700,TEN@IND,IND,TEN,,,,,
40934-64242,WR,Keke,Keke Coutee,Coutee,5.549999873,6,4600,NE@HOU,HOU,NE,,,,,
40934-71039,WR,Kelvin,Kelvin Harmon,Harmon,3.137500048,8,4800,WAS@CAR,WAS,CAR,,,,,
40934-55895,TE,Kendall,Kendall Blanton,Blanton,0,0,4000,LAR@ARI,LAR,ARI,,,,,
40934-80289,WR,Kendrick,Kendrick Bourne,Bourne,5.118181749,11,4600,SF@BAL,SF,BAL,,,,,
40934-14820,RB,Nick,Nick Bellore,Bellore,2.5,1,4500,MIN@SEA,SEA,MIN,Q,Quadriceps,,,
40934-54244,WR,Kenny,Kenny Golladay,Golladay,13.33636336,11,7100,CHI@DET,DET,CHI,,,,,
40934-27457,WR,Kenny,Kenny Stills,Stills,6.611111111,9,5000,NE@HOU,HOU,NE,,,,,
40934-34729,RB,Dwayne,Dwayne Washington,Washington,2.450000048,2,4500,NO@ATL,NO,ATL,,,,,
40934-57543,RB,D'Ernest,D'Ernest Johnson,Johnson,2.439999962,5,4500,CLE@PIT,CLE,PIT,,,,,
40934-28437,RB,Danny,Danny Vitale,Vitale,2.25,6,4500,GB@NYG,GB,NYG,,,,,
40934-83226,TE,Kevin,Kevin Rader,Rader,0,0,4000,CLE@PIT,PIT,CLE,,,,,
40934-85306,WR,KhaDarel,KhaDarel Hodge,Hodge,2.033333302,3,4800,CLE@PIT,CLE,PIT,,,,,
40934-28545,RB,Rod,Rod Smith,Smith,2.246153905,13,4500,TEN@IND,TEN,IND,,,,,
40934-72676,RB,Troymaine,Troymaine Pope,Pope,2.079999924,5,5000,LAC@DEN,LAC,DEN,,,,,
40934-6803,QB,Josh,Josh McCown,McCown,0.379999995,2,6000,PHI@MIA,PHI,MIA,,,,,
40934-40407,QB,Josh,Josh Dobbs,Dobbs,0.36400001,5,6000,TB@JAC,JAC,TB,,,,,
40934-30635,RB,Mike,Mike Davis,Davis,2.049999952,4,4500,WAS@CAR,CAR,WAS,,,,,
40934-40482,QB,Tim,Tim Boyle,Boyle,0.150000006,2,6000,GB@NYG,GB,NYG,,,,,
40934-14237,TE,Kyle,Kyle Rudolph,Rudolph,6.50909077,11,4500,MIN@SEA,MIN,SEA,,,,,
40934-28434,QB,Trevor,Trevor Siemian,Siemian,0.119999997,1,6000,NYJ@CIN,NYJ,CIN,IR,Ankle,,,
40934-34308,QB,Blake,Blake Bortles,Bortles,0.100000001,1,6000,LAR@ARI,LAR,ARI,,,,,
40934-14377,QB,Tyrod,Tyrod Taylor,Taylor,0.090000004,2,6000,LAC@DEN,LAC,DEN,,,,,
40934-14240,TE,Lance,Lance Kendricks,Kendricks,1.625,4,4400,LAC@DEN,LAC,DEN,,,,,
40934-41806,WR,Laquon,Laquon Treadwell,Treadwell,2.279999924,5,4700,MIN@SEA,MIN,SEA,,,,,
40934-6883,WR,Larry,Larry Fitzgerald,Fitzgerald,9.345454823,11,5700,LAR@ARI,ARI,LAR,,,,,
40934-38509,RB,Wendell,Wendell Smallwood,Smallwood,2.011111153,9,4500,WAS@CAR,WAS,CAR,,,,,
40934-14348,TE,Lee,Lee Smith,Smith,2.220000076,5,4000,BUF@DAL,BUF,DAL,,,,,
40934-70501,RB,C.J.,C.J. Ham,Ham,1.888888889,9,4500,MIN@SEA,MIN,SEA,,,,,
40934-71521,RB,Justice,Justice Hill,Hill,1.718181784,11,4500,SF@BAL,BAL,SF,,,,,
40934-79982,RB,Alex,Alex Armah,Armah,1.7,5,4500,WAS@CAR,CAR,WAS,,,,,
40934-29725,TE,Levine,Levine Toilolo,Toilolo,1,2,4500,SF@BAL,SF,BAL,,,,,
40934-71031,WR,Lil'Jordan,Lil'Jordan Humphrey,Humphrey,0,1,4500,NO@ATL,NO,ATL,,,,,
40934-12055,TE,Logan,Logan Paulsen,Paulsen,2.800000054,7,4000,NE@HOU,HOU,NE,,,,,
40934-62271,WR,Logan,Logan Tago,Tago,0,0,4500,MIN@SEA,SEA,MIN,,,,,
40934-26355,TE,Logan,Logan Thomas,Thomas,2.611111111,9,4700,CHI@DET,DET,CHI,,,,,
40934-31047,QB,AJ,AJ McCarron,McCarron,0,1,6000,NE@HOU,HOU,NE,,,,,
40934-12548,D,Los Angeles,Los Angeles Chargers,Chargers,6.272727273,11,3900,LAC@DEN,LAC,DEN,,,,,
40934-12538,D,Los Angeles,Los Angeles Rams,Rams,8.909090909,11,4100,LAR@ARI,LAR,ARI,,,,,
40934-14304,TE,Luke,Luke Stocker,Stocker,0.914285728,7,4000,NO@ATL,ATL,NO,Q,Back,,,
40934-32000,TE,Luke,Luke Willson,Willson,1.98333327,6,4100,MIN@SEA,SEA,MIN,Q,Hamstring,,,
40934-25267,WR,Mack,Mack Hollins,Hollins,2.5,7,4500,PHI@MIA,PHI,MIA,,,,,
40934-14320,RB,Bilal,Bilal Powell,Powell,1.637500048,8,4900,NYJ@CIN,NYJ,CIN,,,,,
40934-104289,WR,Malik,Malik Taylor,Taylor,0,0,4500,GB@NYG,GB,NYG,,,,,
40934-55088,WR,Malik,Malik Turner,Turner,4.228571483,7,4900,MIN@SEA,SEA,MIN,,,,,
40934-23075,QB,Alex,Alex Tanney,Tanney,0,0,6000,GB@NYG,NYG,GB,,,,,
40934-6672,TE,Marcedes,Marcedes Lewis,Lewis,2.571428571,7,4000,GB@NYG,GB,NYG,,,,,
40934-41042,WR,Marcell,Marcell Ateman,Ateman,2.666666667,3,4500,OAK@KC,OAK,KC,,,,,
40934-52776,WR,Marcus,Marcus Green,Green,0,0,4500,PHI@MIA,PHI,MIA,,,,,
40934-32235,WR,Marcus,Marcus Johnson,Johnson,4.399999936,3,4900,TEN@IND,IND,TEN,,,,,
40934-29915,QB,Brett,Brett Hundley,Hundley,0,1,6000,LAR@ARI,ARI,LAR,,,,,
40934-52436,TE,Mark,Mark Andrews,Andrews,11.20909119,11,6500,SF@BAL,BAL,SF,,,,,
40934-27229,RB,Ameer,Ameer Abdullah,Abdullah,1.633333312,9,4800,MIN@SEA,MIN,SEA,,,,,
40934-46882,RB,Jay,Jay Ajayi,Ajayi,1.600000024,1,4800,PHI@MIA,PHI,MIA,,,,,
40934-83221,RB,De'Lance,De'Lance Turner,Turner,1.549999952,2,4500,PHI@MIA,MIA,PHI,,,,,
40934-29593,WR,Marqise,Marqise Lee,Lee,0.850000024,4,4500,TB@JAC,JAC,TB,IR,Shoulder,,Zach Ertz,3.9
40934-40647,WR,Marquez,Marquez Valdes-Scantling,Valdes-Scantling,6.099999861,11,5400,GB@NYG,GB,NYG,,,,,
40934-86687,WR,Marquise,Marquise Brown,Brown,11.71111128,9,5600,SF@BAL,BAL,SF,,,,,
40934-32243,WR,Marquise,Marquise Goodwin,Goodwin,4.012499809,8,4800,SF@BAL,SF,BAL,,,,,
40934-29949,WR,Marvin,Marvin Hall,Hall,5.185714177,7,4700,CHI@DET,DET,CHI,Q,Foot,,,
40934-22103,WR,Marvin,Marvin Jones Jr.,Jones Jr.,13.28181874,11,6400,CHI@DET,DET,CHI,,,,,
40934-61157,QB,Brett,Brett Rypien,Rypien,0,0,6000,LAC@DEN,DEN,LAC,,,,,
40934-47551,TE,Mason,Mason Schreck,Schreck,0,0,4000,NYJ@CIN,CIN,NYJ,,,,,
40934-62133,QB,Chase,Chase Litton,Litton,0,0,6000,TB@JAC,JAC,TB,,,,,
40934-29866,RB,Paul,Paul Perkins,Perkins,1.433333397,3,4500,CHI@DET,DET,CHI,,,,,
40934-27672,TE,Matt,Matt LaCosse,LaCosse,2.325000048,4,4200,NE@HOU,NE,HOU,,,,,
40934-55148,QB,Clayton,Clayton Thorson,Thorson,0,0,6000,BUF@DAL,DAL,BUF,,,,,
40934-44715,QB,Cooper,Cooper Rush,Rush,0,0,6000,BUF@DAL,DAL,BUF,,,,,
40934-38837,QB,Danny,Danny Etling,Etling,0,0,6000,NO@ATL,ATL,NO,,,,,
40934-54239,TE,Matt,Matt Sokol,Sokol,0,0,4000,TB@JAC,JAC,TB,,,,,
40934-7856,WR,Matthew,Matthew Slater,Slater,0,0,4500,NE@HOU,NE,HOU,,,,,
40934-52606,QB,David,David Blough,Blough,0,0,6000,CHI@DET,DET,CHI,,,,,
40934-28346,TE,Maxx,Maxx Williams,Williams,2.82222218,9,4400,LAR@ARI,ARI,LAR,,,,,
40934-71352,WR,Mecole,Mecole Hardman,Hardman,7.57272755,11,5600,OAK@KC,KC,OAK,,,,,
40934-29734,RB,Ty,Ty Montgomery,Montgomery,1.410000038,10,4600,NYJ@CIN,NYJ,CIN,,,,,
40934-12539,D,Miami,Miami Dolphins,Dolphins,2.636363636,11,3300,PHI@MIA,MIA,PHI,,,,,
40934-29357,RB,Kenjon,Kenjon Barner,Barner,1.291111098,9,5100,NO@ATL,ATL,NO,,,,,
40934-69956,WR,Michael,Michael Gallup,Gallup,12.70000034,9,6800,BUF@DAL,DAL,BUF,,,,,
40934-28573,WR,Michael,Michael Thomas,Thomas,19.20909119,11,9200,NO@ATL,NO,ATL,,,,,
40934-64357,WR,Michael,Michael Walker,Walker,-0.666666667,3,4500,TB@JAC,JAC,TB,,,,,
40934-63717,RB,Alec,Alec Ingold,Ingold,1.257142884,7,4500,OAK@KC,OAK,KC,,,,,
40934-64576,RB,Damien,Damien Harris,Harris,1.200000048,1,4500,NE@HOU,NE,HOU,Q,Hamstring,,,
40934-32384,WR,Mike,Mike Evans,Evans,16.30000028,11,7700,TB@JAC,TB,JAC,,,,,
40934-56265,TE,Mike,Mike Gesicki,Gesicki,5.170000076,10,5000,PHI@MIA,MIA,PHI,,,,,
40934-43956,QB,David,David Fales,Fales,0,1,6000,NYJ@CIN,NYJ,CIN,,,,,
40934-55694,WR,Mike,Mike Thomas,Thomas,0.466666659,3,4500,LAR@ARI,LAR,ARI,,,,,
40934-32185,RB,Zach,Zach Line,Line,1.171428544,7,4500,NO@ATL,NO,ATL,Q,Knee,,,
40934-39829,WR,Mike,Mike Williams,Williams,8.280000305,10,5700,LAC@DEN,LAC,DEN,,,,,
40934-64827,WR,Miles,Miles Boykin,Boykin,4,9,4700,SF@BAL,BAL,SF,,,,,
40934-52931,RB,Elijhaa,Elijhaa Penny,Penny,1.160000038,5,4500,GB@NYG,NYG,GB,,,,,
40934-12540,D,Minnesota,Minnesota Vikings,Vikings,7.363636364,11,3600,MIN@SEA,MIN,SEA,,,,,
40934-39795,QB,Davis,Davis Webb,Webb,0,0,6000,BUF@DAL,BUF,DAL,,,,,
40934-24533,TE,Mo,Mo Alie-Cox,Alie-Cox,1.233333349,6,4000,TEN@IND,IND,TEN,,,,,
40934-22018,WR,Mohamed,Mohamed Sanu,Sanu,7.869999695,10,5800,NE@HOU,NE,HOU,Q,Ankle,,,
40934-70341,TE,Moritz,Moritz Boehringer,Boehringer,0,0,4000,NYJ@CIN,CIN,NYJ,,,,,
40934-62505,TE,MyCole,MyCole Pruitt,Pruitt,0.833333333,3,4300,TEN@IND,TEN,IND,,,,,
40934-52409,RB,Jakob,Jakob Johnson,Johnson,1,1,4500,NE@HOU,NE,HOU,IR,Shoulder,,,
40934-55209,TE,Nate,Nate Becker,Becker,0,0,4000,BUF@DAL,BUF,DAL,,,,,
40934-64051,QB,Drew,Drew Lock,Lock,0,0,6000,LAC@DEN,DEN,LAC,IR,Thumb,,,
40934-29683,WR,Nelson,Nelson Agholor,Agholor,6.690000153,10,4800,PHI@MIA,PHI,MIA,Q,Knee,,,
40934-12541,D,New England,New England Patriots,Patriots,17.81818182,11,4900,NE@HOU,NE,HOU,,,,,
40934-12542,D,New Orleans,New Orleans Saints,Saints,8.909090909,11,4700,NO@ATL,NO,ATL,,,,,
40934-12543,D,New York,New York Giants,Giants,6.909090909,11,3000,GB@NYG,NYG,GB,,,,,
40934-12544,D,New York,New York Jets,Jets,8.818181818,11,4900,NYJ@CIN,NYJ,CIN,,,,,
40934-14327,RB,Anthony,Anthony Sherman,Sherman,0.966666698,3,4500,OAK@KC,KC,OAK,,,,,
40934-60930,RB,Myles,Myles Gaskin,Gaskin,0.900000016,3,4600,PHI@MIA,MIA,PHI,,,,,
40934-62510,TE,Nick,Nick Boyle,Boyle,4.154545524,11,4800,SF@BAL,BAL,SF,,,,,
40934-62616,RB,Zach,Zach Zenner,Zenner,0.900000016,3,4500,LAR@ARI,ARI,LAR,,,,,
40934-7744,QB,Drew,Drew Stanton,Stanton,0,0,6000,CLE@PIT,CLE,PIT,IR,Knee,,,
40934-103824,QB,Easton,Easton Stick,Stick,0,0,6000,LAC@DEN,LAC,DEN,,,,,
40934-24817,TE,Nick,Nick O'Leary,O'Leary,1.883333365,6,4800,TB@JAC,JAC,TB,,,,,
40934-28570,TE,Nick,Nick Vannett,Vannett,1.510000038,10,4000,CLE@PIT,PIT,CLE,,,,,
40934-69168,WR,N'Keal,N'Keal Harry,Harry,5.400000095,2,5500,NE@HOU,NE,HOU,,,,,
40934-71705,TE,Noah,Noah Fant,Fant,5.563636433,11,5100,LAC@DEN,DEN,LAC,,,,,
40934-103896,WR,Nsimba,Nsimba Webster,Webster,0,0,4500,LAR@ARI,LAR,ARI,,,,,
40934-63479,RB,John,John Kelly,Kelly,0.899999976,1,4500,LAR@ARI,LAR,ARI,,,,,
40934-39286,TE,O.J.,O.J. Howard,Howard,4.537499905,8,4800,TB@JAC,TB,JAC,,,,,
40934-12537,D,Oakland,Oakland Raiders,Raiders,5.636363636,11,3100,OAK@KC,OAK,KC,,,,,
40934-31360,WR,Odell,Odell Beckham Jr.,Beckham Jr.,10.58181832,11,7300,CLE@PIT,CLE,PIT,,,,,
40934-61631,WR,Olabisi,Olabisi Johnson,Johnson,5.8125,8,5000,MIN@SEA,MIN,SEA,,,,,
40934-64496,WR,Olamide,Olamide Zaccheaus,Zaccheaus,0,0,4500,NO@ATL,ATL,NO,,,,,
40934-63869,WR,Parker,Parker Baldwin,Baldwin,0,0,4500,NO@ATL,ATL,NO,,,,,
40934-58499,TE,Parker,Parker Hesse,Hesse,0,0,4000,TEN@IND,TEN,IND,,,,,
40934-56262,WR,Parris,Parris Campbell,Campbell,4.399999936,6,5000,TEN@IND,IND,TEN,Q,Hand,,,
40934-63383,RB,Jordan,Jordan Scarlett,Scarlett,0.899999976,1,4500,WAS@CAR,CAR,WAS,Q,Knee,,,
40934-60840,QB,Jake,Jake Browning,Browning,0,0,6000,MIN@SEA,MIN,SEA,,,,,
40934-45299,RB,David,David Fluellen,Fluellen,0.800000012,2,4500,TEN@IND,TEN,IND,IR,Knee,,,
40934-26610,WR,Paul,Paul Richardson Jr.,Richardson Jr.,5.05,10,5000,WAS@CAR,WAS,CAR,Q,Hamstring,,,
40934-104281,QB,Jake,Jake Dolegala,Dolegala,0,0,6000,NYJ@CIN,CIN,NYJ,,,,,
40934-28890,RB,Derek,Derek Watt,Watt,0.757142884,7,4500,LAC@DEN,LAC,DEN,,,,,
40934-29411,TE,Pharaoh,Pharaoh Brown,Brown,1.233333349,3,4000,CLE@PIT,CLE,PIT,,,,,
40934-40932,WR,Pharoh,Pharoh Cooper,Cooper,4.271428517,7,5100,LAR@ARI,ARI,LAR,,,,,
40934-12545,D,Philadelphia,Philadelphia Eagles,Eagles,7.545454545,11,5000,PHI@MIA,PHI,MIA,,,,,
40934-27982,QB,Jake,Jake Rudock,Rudock,0,0,6000,PHI@MIA,MIA,PHI,,,,,
40934-25813,WR,Phillip,Phillip Dorsett II,Dorsett II,9.787500381,8,5400,NE@HOU,NE,HOU,Q,Concussion,,,
40934-53967,RB,Nick,Nick Bawden,Bawden,0.74000001,5,4500,CHI@DET,DET,CHI,IR,Knee,,,
40934-12547,D,Pittsburgh,Pittsburgh Steelers,Steelers,12,11,3700,CLE@PIT,PIT,CLE,,,,,
40934-62967,WR,Preston,Preston Williams,Williams,9.350000381,8,4500,PHI@MIA,MIA,PHI,IR,Knee - acl,,,
40934-44893,RB,Roosevelt,Roosevelt Nix,Nix,0.699999988,2,4500,CLE@PIT,PIT,CLE,IR,Knee,,,
40934-94453,RB,Darwin,Darwin Thompson,Thompson,0.65999999,5,4500,OAK@KC,KC,OAK,,,,,
40934-14257,WR,Randall,Randall Cobb,Cobb,9.469999695,10,6000,BUF@DAL,DAL,BUF,,,,,
40934-64744,RB,Josh,Josh Adams,Adams,0.600000024,2,4500,NYJ@CIN,NYJ,CIN,,,,,
40934-45791,WR,Rashard,Rashard Higgins,Higgins,2.7,5,4500,CLE@PIT,CLE,PIT,,,,,
40934-39580,RB,Devontae,Devontae Booker,Booker,0.574999988,4,4500,LAC@DEN,DEN,LAC,,,,,
40934-103996,WR,Reggie,Reggie White Jr.,White Jr.,0,0,4500,GB@NYG,NYG,GB,,,,,
40934-55514,RB,Buddy,Buddy Howell,Howell,0.5,1,4500,NE@HOU,HOU,NE,,,,,
40934-22065,TE,Rhett,Rhett Ellison,Ellison,3.170000076,10,5000,GB@NYG,NYG,GB,Q,Concussion,,,
40934-53498,WR,Richie,Richie James Jr.,James Jr.,2.136363636,11,4600,SF@BAL,SF,BAL,,,,,
40934-40977,TE,Ricky,Ricky Seals-Jones,Seals-Jones,5.333333333,6,4800,CLE@PIT,CLE,PIT,,,,,
40934-69325,WR,Riley,Riley Ridley,Ridley,0,0,4500,CHI@DET,CHI,DET,,,,,
40934-26251,WR,Robby,Robby Anderson,Anderson,7,11,6100,NYJ@CIN,NYJ,CIN,,,,,
40934-48371,WR,Robert,Robert Davis,Davis,1.600000024,1,4500,PHI@MIA,PHI,MIA,,,,,
40934-42107,WR,Robert,Robert Foster,Foster,1.266666651,6,4900,BUF@DAL,BUF,DAL,Q,Hamstring,,,
40934-56192,QB,John,John Wolford,Wolford,0,0,6000,LAR@ARI,LAR,ARI,,,,,
40934-80353,TE,Robert,Robert Tonyan,Tonyan,2.079999924,5,4000,GB@NYG,GB,NYG,,,,,
40934-29685,WR,Robert,Robert Woods,Woods,10.49000015,10,7100,LAR@ARI,LAR,ARI,,,,,
40934-22113,RB,Alfred,Alfred Morris,Morris,0.400000006,1,4500,LAR@ARI,ARI,LAR,,,,,
40934-38624,RB,T.J.,T.J. Logan,Logan,0.387499988,8,4500,TB@JAC,TB,JAC,,,,,
40934-12872,RB,James,James Develin,Develin,0.300000012,1,4500,NE@HOU,NE,HOU,IR,Neck,,,
40934-83138,TE,Ross,Ross Dwelley,Dwelley,5.120000076,5,5300,SF@BAL,SF,BAL,,,,,
40934-55964,RB,Tony,Tony Brooks-James,Brooks-James,0.233333329,3,4500,CLE@PIT,PIT,CLE,,,,,
40934-52916,WR,Russell,Russell Gage,Gage,3.744444529,9,5400,NO@ATL,ATL,NO,,,,,
40934-31329,WR,Russell,Russell Shepard,Shepard,2,2,4500,GB@NYG,NYG,GB,IR,Foot,,,
40934-63611,QB,Kyle,Kyle Shurmur,Shurmur,0,0,6000,OAK@KC,KC,OAK,,,,,
40934-45259,QB,Logan,Logan Woodside,Woodside,0,0,6000,TEN@IND,TEN,IND,,,,,
40934-52369,QB,Manny,Manny Wilkins,Wilkins,0,0,6000,GB@NYG,GB,NYG,,,,,
40934-33703,WR,Ryan,Ryan Grant,Grant,1.700000048,2,4500,GB@NYG,GB,NYG,,,,,
40934-33463,QB,Paxton,Paxton Lynch,Lynch,0,0,6000,CLE@PIT,PIT,CLE,,,,,
40934-34073,TE,Ryan,Ryan Griffin,Griffin,6.745454268,11,5600,NYJ@CIN,NYJ,CIN,,,,,
40934-55609,TE,Ryan,Ryan Izzo,Izzo,5.099999905,4,4500,NE@HOU,NE,HOU,,,,,
40934-41857,RB,Dalyn,Dalyn Dawkins,Dawkins,0.200000003,1,4500,TEN@IND,TEN,IND,,,,,
40934-38634,WR,Ryan,Ryan Switzer,Switzer,0.837499976,8,4800,CLE@PIT,PIT,CLE,IR,Back,,,
40934-33702,QB,Ryan,Ryan Griffin,Griffin,0,0,6000,TB@JAC,TB,JAC,,,,,
40934-64835,RB,Dexter,Dexter Williams,Williams,0.200000003,1,4500,GB@NYG,GB,NYG,,,,,
40934-56286,QB,Trace,Trace McSorley,McSorley,0,0,6000,SF@BAL,BAL,SF,,,,,
40934-24641,WR,Sammy,Sammy Watkins,Watkins,11.5,8,6100,OAK@KC,KC,OAK,,,,,
40934-12549,D,San Francisco,San Francisco 49ers,49ers,13.54545455,11,3800,SF@BAL,SF,BAL,,,,,
40934-43973,RB,Keith,Keith Smith,Smith,0.166666667,3,4500,NO@ATL,ATL,NO,,,,,
40934-61273,WR,Scotty,Scotty Miller,Miller,2.712500095,8,4700,TB@JAC,TB,JAC,,,,,
40934-27117,TE,Sean,Sean Culkin,Culkin,0.850000024,2,4000,LAC@DEN,LAC,DEN,IR,Achilles,,,
40934-30788,QB,Tyler,Tyler Bray,Bray,0,0,6000,CHI@DET,CHI,DET,,,,,
40934-56649,WR,Sean,Sean Modster,Modster,0,0,4500,SF@BAL,BAL,SF,,,,,
40934-12550,D,Seattle,Seattle Seahawks,Seahawks,8.545454545,11,3700,MIN@SEA,SEA,MIN,,,,,
40934-104284,RB,Bruce,Bruce Anderson III,Anderson III,0,0,4500,TEN@IND,IND,TEN,,,,,
40934-70335,TE,Seth,Seth DeValve,DeValve,2.450000048,4,4500,TB@JAC,JAC,TB,Q,Oblique,,,
40934-54741,WR,Seth,Seth Roberts,Roberts,3.32222218,9,4700,SF@BAL,BAL,SF,,,,,
40934-40164,WR,Shelton,Shelton Gibson,Gibson,1.325000048,4,4500,CLE@PIT,CLE,PIT,,,,,
40934-61570,RB,Chandler,Chandler Cox,Cox,0,0,4500,PHI@MIA,MIA,PHI,,,,,
40934-61072,WR,Stanley,Stanley Morgan,Morgan,1.099999984,3,4500,NYJ@CIN,CIN,NYJ,,,,,
40934-25079,WR,Stefon,Stefon Diggs,Diggs,12.54545455,11,7900,MIN@SEA,MIN,SEA,,,,,
40934-29277,TE,Stephen,Stephen Anderson,Anderson,0,0,4000,LAC@DEN,LAC,DEN,,,,,
40934-104008,TE,Stephen,Stephen Carlson,Carlson,2.866666794,3,4500,CLE@PIT,CLE,PIT,,,,,
40934-27477,WR,Sterling,Sterling Shepard,Shepard,11.51999969,5,5900,GB@NYG,NYG,GB,,,,,
40934-40118,WR,Steven,Steven Mitchell Jr.,Mitchell Jr.,0,1,4500,NE@HOU,HOU,NE,,,,,
40934-62994,WR,Steven,Steven Sims Jr.,Sims Jr.,2.799999931,11,4600,WAS@CAR,WAS,CAR,,,,,
40934-103352,RB,Christian,Christian Wade,Wade,0,0,4500,BUF@DAL,BUF,DAL,,,,,
40934-71706,TE,T.J.,T.J. Hockenson,Hockenson,5.445454684,11,4700,CHI@DET,DET,CHI,Q,Shoulder,,,
40934-83140,RB,Christopher,Christopher Ezeala,Ezeala,0,0,4500,SF@BAL,BAL,SF,,,,,
40934-104424,RB,Craig,Craig Reynolds,Reynolds,0,0,4500,NO@ATL,ATL,NO,,,,,
40934-22031,WR,T.Y.,T.Y. Hilton,Hilton,12.18571472,7,7000,TEN@IND,IND,TEN,Q,Calf,,,
40934-56099,RB,Cullen,Cullen Gillaspia,Gillaspia,0,0,4500,NE@HOU,HOU,NE,,,,,
40934-47523,WR,Tajae,Tajae Sharpe,Sharpe,4.211111281,9,4700,TEN@IND,TEN,IND,,,,,
40934-12551,D,Tampa Bay,Tampa Bay Buccaneers,Buccaneers,6.636363636,11,3800,TB@JAC,TB,JAC,,,,,
40934-83117,TE,Tanner,Tanner Hudson,Hudson,0.850000024,2,4000,TB@JAC,TB,JAC,,,,,
40934-41155,WR,Taquan,Taquan Mizzell Sr.,Mizzell Sr.,2.424999952,8,4500,NO@ATL,NO,ATL,,,,,
40934-29183,RB,D.J.,D.J. Foster,Foster,0,0,4500,LAR@ARI,ARI,LAR,IR,Hamstring,,,
40934-26458,WR,Tavon,Tavon Austin,Austin,2.599999958,9,4500,BUF@DAL,DAL,BUF,,,,,
40934-54753,WR,Taylor,Taylor Gabriel,Gabriel,8.422222561,9,5400,CHI@DET,CHI,DET,Q,Concussion,,,
40934-45565,WR,Taysom,Taysom Hill,Hill,4.045454545,11,4700,NO@ATL,NO,ATL,,,,,
40934-47780,WR,Taywan,Taywan Taylor,Taylor,0,2,4500,CLE@PIT,CLE,PIT,,,,,
40934-6627,WR,Ted,Ted Ginn Jr.,Ginn Jr.,6.059999847,10,5200,NO@ATL,NO,ATL,,,,,
40934-52342,QB,Will,Will Grier,Grier,0,0,6000,WAS@CAR,CAR,WAS,,,,,
40934-70342,TE,Temarrick,Temarrick Hemingway,Hemingway,0,0,4000,WAS@CAR,CAR,WAS,,,,,
40934-12534,D,Tennessee,Tennessee Titans,Titans,8.363636364,11,4100,TEN@IND,TEN,IND,,,,,
40934-56250,WR,Terry,Terry McLaurin,McLaurin,11.38000031,10,5800,WAS@CAR,WAS,CAR,,,,,
40934-93413,WR,Terry,Terry Wright,Wright,0,0,4500,CLE@PIT,PIT,CLE,,,,,
40934-61060,RB,Devine,Devine Ozigbo,Ozigbo,0,0,4500,TB@JAC,JAC,TB,,,,,
40934-33403,WR,Tevin,Tevin Jones,Jones,2.400000095,2,5100,CLE@PIT,PIT,CLE,,,,,
40934-103998,WR,Thomas,Thomas Ives,Ives,0,0,4500,CHI@DET,CHI,DET,,,,,
40934-32158,QB,Garrett,Garrett Gilbert,Gilbert,-0.066666668,3,6000,CLE@PIT,CLE,PIT,,,,,
40934-57091,WR,Tim,Tim Patrick,Patrick,5.25,2,5100,LAC@DEN,DEN,LAC,,,,,
40934-71355,RB,Elijah,Elijah Holyfield,Holyfield,0,0,4500,WAS@CAR,CAR,WAS,,,,,
40934-24607,QB,Chad,Chad Kelly,Kelly,-0.100000001,1,6000,TEN@IND,IND,TEN,,,,,
40934-104388,WR,Tom,Tom Kennedy,Kennedy,0,0,4500,CHI@DET,DET,CHI,,,,,
40934-56212,TE,Tommy,Tommy Sweeney,Sweeney,1.325000048,4,4000,BUF@DAL,BUF,DAL,,,,,
40934-23046,RB,Jamize,Jamize Olawale,Olawale,0,1,4500,BUF@DAL,DAL,BUF,,,,,
40934-64215,RB,Karan,Karan Higdon Jr.,Higdon Jr.,0,0,4500,NE@HOU,HOU,NE,,,,,
40934-41371,RB,Khalfani,Khalfani Muhammad,Muhammad,0,0,4500,LAC@DEN,DEN,LAC,,,,,
40934-29445,QB,Sean,Sean Mannion,Mannion,-0.200000003,1,6000,MIN@SEA,MIN,SEA,,,,,
40934-22035,WR,Travis,Travis Benjamin,Benjamin,1.2,5,4500,LAC@DEN,LAC,DEN,IR,Quadriceps,,,
40934-57651,WR,Travis,Travis Fulgham,Fulgham,0,0,4500,CHI@DET,DET,CHI,,,,,
40934-56041,RB,Khari,Khari Blasingame,Blasingame,0,0,4500,TEN@IND,TEN,IND,,,,,
40934-33076,TE,Travis,Travis Kelce,Kelce,12.6181821,11,7100,OAK@KC,KC,OAK,,,,,
40934-26057,RB,Michael,Michael Burton,Burton,0,1,4500,WAS@CAR,WAS,CAR,,,,,
40934-56059,WR,Trent,Trent Sherfield,Sherfield,1.25,8,4500,LAR@ARI,ARI,LAR,,,,,
40934-43416,WR,Trent,Trent Taylor,Taylor,3.269230769,13,4500,SF@BAL,SF,BAL,IR,Foot,,,
40934-63330,RB,Mike,Mike Weber,Weber,0,0,4500,BUF@DAL,DAL,BUF,,,,,
40934-57342,WR,Tre'Quan,Tre'Quan Smith,Smith,5.120000076,5,4500,NO@ATL,NO,ATL,,,,,
40934-70705,TE,Trevon,Trevon Wesco,Wesco,1.100000024,2,4000,NYJ@CIN,NYJ,CIN,,,,,
40934-41370,WR,Trevor,Trevor Davis,Davis,2.639999962,10,4500,OAK@KC,OAK,KC,,,,,
40934-60947,QB,Jarrett,Jarrett Stidham,Stidham,-0.213333329,3,6000,NE@HOU,NE,HOU,,,,,
40934-30297,TE,Trey,Trey Burton,Burton,1.924999952,8,4000,CHI@DET,CHI,DET,IR,Calf,,,
40934-57064,RB,Ryan,Ryan Nall,Nall,0,0,4500,CHI@DET,CHI,DET,,,,,
40934-52902,WR,Trey,Trey Quinn,Quinn,3.527272658,11,4700,WAS@CAR,WAS,CAR,,,,,
40934-40746,TE,Troy,Troy Fumagalli,Fumagalli,3.133333206,3,4300,LAC@DEN,DEN,LAC,,,,,
40934-33320,RB,Senorise,Senorise Perry,Perry,0,6,4500,BUF@DAL,BUF,DAL,,,,,
40934-65331,RB,Sutton,Sutton Smith,Smith,0,0,4500,CLE@PIT,PIT,CLE,,,,,
40934-14319,RB,Taiwan,Taiwan Jones,Jones,0,4,4500,NE@HOU,HOU,NE,,,,,
40934-40669,WR,Tyler,Tyler Boyd,Boyd,10.09090909,11,6000,NYJ@CIN,CIN,NYJ,,,,,
40934-41562,QB,Nick,Nick Mullens,Mullens,-0.300000012,1,6000,SF@BAL,SF,BAL,,,,,
40934-60451,TE,Tyler,Tyler Conklin,Conklin,1.899999976,2,4000,MIN@SEA,MIN,SEA,,,,,
40934-33557,TE,Tyler,Tyler Eifert,Eifert,4.590909091,11,4700,NYJ@CIN,CIN,NYJ,,,,,
40934-71444,RB,Travis,Travis Homer,Homer,0,1,4500,MIN@SEA,SEA,MIN,,,,,
40934-47870,TE,Tyler,Tyler Higbee,Higbee,4.466666751,9,5500,LAR@ARI,LAR,ARI,,,,,
40934-26038,TE,Tyler,Tyler Kroft,Kroft,1.799999952,4,4500,BUF@DAL,BUF,DAL,,,,,
40934-27050,WR,Tyler,Tyler Lockett,Lockett,13.6454551,11,7000,MIN@SEA,SEA,MIN,,,,,
40934-53681,WR,Tyreek,Tyreek Hill,Hill,14.65714264,7,8300,OAK@KC,KC,OAK,Q,Hamstring,,,
40934-62535,WR,Tyrell,Tyrell Williams,Williams,10.44444444,9,6200,OAK@KC,OAK,KC,,,,,
40934-26483,QB,Geno,Geno Smith,Smith,-0.370000005,4,6000,MIN@SEA,SEA,MIN,,,,,
40934-69860,RB,Trayveon,Trayveon Williams,Williams,0,0,4500,NYJ@CIN,CIN,NYJ,,,,,
40934-32045,TE,Vance,Vance McDonald,McDonald,5.479999924,10,5000,CLE@PIT,PIT,CLE,,,,,
40934-56946,WR,Ventell,Ventell Bryant,Bryant,0,0,4500,BUF@DAL,DAL,BUF,,,,,
40934-6870,TE,Vernon,Vernon Davis,Davis,5.824999809,4,4500,WAS@CAR,WAS,CAR,IR,Concussion,,,
40934-14394,TE,Virgil,Virgil Green,Green,1.357142857,7,4000,LAC@DEN,LAC,DEN,,,,,
40934-84101,WR,Vyncint,Vyncint Smith,Smith,1.924999952,8,4600,NYJ@CIN,NYJ,CIN,,,,,
40934-12552,D,Washington,Washington Redskins,Redskins,6.636363636,11,3200,WAS@CAR,WAS,CAR,,,,,
40934-83091,RB,Trenton,Trenton Cannon,Cannon,0,2,4500,NYJ@CIN,NYJ,CIN,IR,Foot,,,
40934-43961,RB,Tyler,Tyler Ervin,Ervin,0,3,4500,TB@JAC,JAC,TB,,,,,
40934-103366,RB,Valentine,Valentine Holmes,Holmes,0,0,4500,NYJ@CIN,NYJ,CIN,,,,,
40934-42028,WR,Will,Will Fuller V,Fuller V,12.1875,8,6600,NE@HOU,HOU,NE,,,,,
40934-83079,QB,Kyle,Kyle Lauletta,Lauletta,-1.200000048,1,6000,PHI@MIA,PHI,MIA,,,,,
40934-44449,WR,Willie,Willie Snead IV,Snead IV,5.763636502,11,4600,SF@BAL,BAL,SF,,,,,
40934-29780,TE,Zach,Zach Ertz,Ertz,11.15454518,11,6900,PHI@MIA,PHI,MIA,,,,,
40934-64221,TE,Zach,Zach Gentry,Gentry,0,0,4000,CLE@PIT,PIT,CLE,,,,,
40934-104282,RB,Wes,Wes Hills,Hills,0,0,4500,CHI@DET,DET,CHI,,,,,
40934-53390,WR,Zach,Zach Pascal,Pascal,8.122222053,9,5400,TEN@IND,IND,TEN,,,,,
40934-40758,RB,Corey,Corey Clement,Clement,-2,2,4500,PHI@MIA,PHI,MIA,IR,Shoulder,,,
40934-41305,WR,Zay,Zay Jones,Jones,2.777777778,9,4700,OAK@KC,OAK,KC,,,,,
